Название,Цена,Описание,Картинка
Смартфон Apple iPhone 14 Pro 256GB Hong Kong 2-SIM,113900сом,iPhone 14 ProВолшебный новый способ взаимодействия с iPhone. Рево.....,https://softech.kg/smartfon-apple-iphone-14-pro-256gb
Смартфон Apple iPhone 14 Pro 256GB USA eSIM,109800сом,iPhone 14 ProВолшебный новый способ взаимодействия с iPhone. Рево.....,https://softech.kg/smartfon-apple-iphone-14-pro-256gb-usa-esim
Смартфон Apple iPhone 14 Pro 512GB Hong Kong 2-SIM,127600сом,iPhone 14 ProВолшебный новый способ взаимодействия с iPhone. Рево.....,https://softech.kg/smartfon-apple-iphone-14-pro-512gb
Смартфон Apple iPhone 14 Pro 512GB USA eSIM,123500сом,iPhone 14 ProВолшебный новый способ взаимодействия с iPhone. Рево.....,https://softech.kg/smartfon-apple-iphone-14-pro-512gb-usa-esim
Смартфон Apple iPhone 14 Pro Max 128GB USA eSIM,110900сом,iPhone 14 Pro MaxВолшебный новый способ взаимодействия с iPhone. .....,https://softech.kg/smartfon-apple-iphone-14-pro-max-128gb
Смартфон Apple iPhone 14 Pro Max 1TB USA eSIM,149800сом,iPhone 14 Pro MaxВолшебный новый способ взаимодействия с iPhone. .....,https://softech.kg/smartfon-apple-iphone-14-pro-max-1024gb
Смартфон Apple iPhone 14 Pro Max 256GB USA eSIM,118350сом,iPhone 14 Pro MaxВолшебный новый способ взаимодействия с iPhone. .....,https://softech.kg/smartfon-apple-iphone-14-pro-max-256gb
Смартфон Apple iPhone 14 Pro Max 512GB USA eSIM,133300сом,iPhone 14 Pro MaxВолшебный новый способ взаимодействия с iPhone. .....,https://softech.kg/smartfon-apple-iphone-14-pro-max-512gb
Смартфон Apple iPhone 12 128GB,57777сом,"Во-первых, это быстро.A14 Bionic, самый быстрый процессор iPhone......",https://softech.kg/smartfon-apple-iphone-12-128gb
Смартфон Apple iPhone 12 128GB (2 SIM),77700сом,"Во-первых, это быстро.A14 Bionic, самый быстрый процессор iPhone......",https://softech.kg/smartfon-apple-iphone-12-128gb-2sim
Смартфон Apple iPhone 12 256GB,85000сом,"Во-первых, это быстро.A14 Bionic, самый быстрый процессор iPhone......",https://softech.kg/smartfon-apple-iphone-12-256gb
Смартфон Apple iPhone 12 64GB,70950сом,"Во-первых, это быстро.A14 Bionic, самый быстрый процессор iPhone......",https://softech.kg/smartfon-apple-iphone-12-64gb
Смартфон Apple iPhone 12 mini 128GB,68200сом,"Во-первых, это быстро.A14 Bionic, самый быстрый процессор iPhone......",https://softech.kg/smartfon-apple-iphone-12-mini-128gb
Смартфон Apple iPhone 12 mini 256GB,76900сом,"Во-первых, это быстро.A14 Bionic, самый быстрый процессор iPhone......",https://softech.kg/smartfon-apple-iphone-12-mini-256gb
Смартфон Apple iPhone 12 mini 64GB,69500сом,"Во-первых, это быстро.A14 Bionic, самый быстрый процессор iPhone......",https://softech.kg/smartfon-apple-iphone-12-mini-64gb
Смартфон Apple iPhone 13 128GB,63700сом,Сильный мира всего.Новая сверх­широко­угольная камера видит больш.....,https://softech.kg/smartfon-apple-iphone-13-128gb
Смартфон Apple iPhone 13 128GB (2-SIM),75550сом,Сильный мира всего.Новая сверх­широко­угольная камера видит больш.....,https://softech.kg/smartfon-apple-iphone-13-128gb-2sim
Смартфон Apple iPhone 13 256GB,77000сом,Сильный мира всего.Новая сверх­широко­угольная камера видит больш.....,https://softech.kg/smartfon-apple-iphone-13-256gb-
Смартфон Apple iPhone 13 256GB (2-SIM),84950сом,Сильный мира всего.Новая сверх­широко­угольная камера видит больш.....,https://softech.kg/smartfon-apple-iphone-13-256gb-2-sim
Смартфон Apple iPhone 13 512GB,101250сом,Сильный мира всего.Новая сверх­широко­угольная камера видит больш.....,https://softech.kg/smartfon-apple-iphone-13-512gb
Смартфон Apple iPhone 13 mini 128GB,68950сом,Сильный мира всего.Новая сверх­широко­угольная камера видит больш.....,https://softech.kg/smartfon-apple-iphone-13-mini-128gb
Смартфон Apple iPhone 13 mini 256GB,74750сом,Сильный мира всего.Новая сверх­широко­угольная камера видит больш.....,https://softech.kg/smartfon-apple-iphone-13-mini-256gb
Смартфон Apple iPhone 13 Pro 128GB,91450сом,iPhone 13 ProПросто. Нереально.Дисплей Super Retina XDR с техноло.....,https://softech.kg/smartfon-apple-iphone-13-pro-128gb
Смартфон Apple iPhone 13 Pro 256GB,98700сом,iPhone 13 ProПросто. Нереально.Дисплей Super Retina XDR с техноло.....,https://softech.kg/smartfon-apple-iphone-13-pro-256gb-
Смартфон Apple iPhone 13 Pro 256GB (2-SIM),103650сом,iPhone 13 ProПросто. Нереально.Дисплей Super Retina XDR с техноло.....,https://softech.kg/smartfon-apple-iphone-13-pro-256gb-2sim
Смартфон Apple iPhone 13 Pro 512GB,118850сом,iPhone 13 ProПросто. Нереально.Дисплей Super Retina XDR с техноло.....,https://softech.kg/smartfon-apple-iphone-13-pro-512gb
Смартфон Apple iPhone 13 Pro Max 128GB,91450сом,iPhone 13 Pro MaxПросто. Нереально.Дисплей Super Retina XDR с тех.....,https://softech.kg/smartfon-apple-iphone-13-pro-max-128gb
Смартфон Apple iPhone 13 Pro Max 1TB,143950сом,iPhone 13 Pro MaxПросто. Нереально.Дисплей Super Retina XDR с тех.....,https://softech.kg/smartfon-apple-iphone-13-pro-max-1024gb
Смартфон Apple iPhone 13 Pro Max 256GB,103950сом,iPhone 13 Pro MaxПросто. Нереально.Дисплей Super Retina XDR с тех.....,https://softech.kg/smartfon-apple-iphone-13-pro-max-256gb-
Смартфон Apple iPhone 13 Pro Max 256GB (2-SIM),124900сом,iPhone 13 Pro MaxПросто. Нереально.Дисплей Super Retina XDR с тех.....,https://softech.kg/smartfon-apple-iphone-13-pro-max-256gb-2sim
Смартфон Apple iPhone 13 Pro Max 512GB,131750сом,iPhone 13 Pro MaxПросто. Нереально.Дисплей Super Retina XDR с тех.....,https://softech.kg/smartfon-apple-iphone-13-pro-max-512gb
Смартфон Apple iPhone 14 128GB,74450сом,iPhone 14iOS 16 позволяет по-новому настроить экран блокировки. Н.....,https://softech.kg/smartfon-apple-iphone-14-128gb
Смартфон Apple iPhone 14 256GB,90000сом,iPhone 14iOS 16 позволяет по-новому настроить экран блокировки. Н.....,https://softech.kg/smartfon-apple-iphone-14-256gb
Смартфон Apple iPhone 14 512GB,102000сом,iPhone 14iOS 16 позволяет по-новому настроить экран блокировки. Н.....,https://softech.kg/smartfon-apple-iphone-14-512gb
Смартфон Apple iPhone 14 Plus 128GB,86000сом,iPhone 14iOS 16 позволяет по-новому настроить экран блокировки. Н.....,https://softech.kg/smartfon-apple-iphone-14-plus-128gb
Смартфон Apple iPhone 14 Plus 256GB,95250сом,iPhone 14iOS 16 позволяет по-новому настроить экран блокировки. Н.....,https://softech.kg/smartfon-apple-iphone-14-plus-256gb
Смартфон Apple iPhone 14 Plus 512GB,105750сом,iPhone 14iOS 16 позволяет по-новому настроить экран блокировки. Н.....,https://softech.kg/smartfon-apple-iphone-14-plus-512gb
Смартфон Apple iPhone 14 Pro 128GB Hong Kong 2-SIM,102800сом,iPhone 14 ProВолшебный новый способ взаимодействия с iPhone. Рево.....,https://softech.kg/smartfon-apple-iphone-14-pro-128gb
Смартфон Apple iPhone 14 Pro 128GB USA eSIM,100650сом,iPhone 14 ProВолшебный новый способ взаимодействия с iPhone. Рево.....,https://softech.kg/smartfon-apple-iphone-14-pro-128gb-usa-2-sim
Смартфон Apple iPhone 14 Pro 1TB,142050сом,iPhone 14 ProВолшебный новый способ взаимодействия с iPhone. Рево.....,https://softech.kg/smartfon-apple-iphone-14-pro-1024gb
Смартфон Apple iPhone 14 Pro Max 256GB Hong Kong 2-SIM,122600сом,iPhone 14 Pro MaxВолшебный новый способ взаимодействия с iPhone. .....,https://softech.kg/smartfon-apple-iphone-14-pro-max-256gb-hong-kong-2sim
Смартфон Apple iPhone 14 Pro Max 512GB Hong Kong 2-SIM,137900сом,iPhone 14 Pro MaxВолшебный новый способ взаимодействия с iPhone. .....,https://softech.kg/smartfon-apple-iphone-14-pro-max-512gb-usa-esim
Смартфон Apple iPhone SE 128GB (2022),42000сом,Скоро будет описание.....,https://softech.kg/smartfon-apple-iphone-se-128gb-2022
Смартфон Apple iPhone 14 Pro 256GB Hong Kong 2-SIM,113900сом,iPhone 14 ProВолшебный новый способ взаимодействия с iPhone. Рево.....,https://softech.kg/smartfon-apple-iphone-14-pro-256gb
Смартфон Apple iPhone 14 Pro 256GB USA eSIM,109800сом,iPhone 14 ProВолшебный новый способ взаимодействия с iPhone. Рево.....,https://softech.kg/smartfon-apple-iphone-14-pro-256gb-usa-esim
Смартфон Apple iPhone 14 Pro 512GB Hong Kong 2-SIM,127600сом,iPhone 14 ProВолшебный новый способ взаимодействия с iPhone. Рево.....,https://softech.kg/smartfon-apple-iphone-14-pro-512gb
Смартфон Apple iPhone 14 Pro 512GB USA eSIM,123500сом,iPhone 14 ProВолшебный новый способ взаимодействия с iPhone. Рево.....,https://softech.kg/smartfon-apple-iphone-14-pro-512gb-usa-esim
Смартфон Apple iPhone 14 Pro Max 128GB USA eSIM,110900сом,iPhone 14 Pro MaxВолшебный новый способ взаимодействия с iPhone. .....,https://softech.kg/smartfon-apple-iphone-14-pro-max-128gb
Смартфон Apple iPhone 14 Pro Max 1TB USA eSIM,149800сом,iPhone 14 Pro MaxВолшебный новый способ взаимодействия с iPhone. .....,https://softech.kg/smartfon-apple-iphone-14-pro-max-1024gb
Смартфон Apple iPhone 14 Pro Max 256GB USA eSIM,118350сом,iPhone 14 Pro MaxВолшебный новый способ взаимодействия с iPhone. .....,https://softech.kg/smartfon-apple-iphone-14-pro-max-256gb
Смартфон Apple iPhone 14 Pro Max 512GB USA eSIM,133300сом,iPhone 14 Pro MaxВолшебный новый способ взаимодействия с iPhone. .....,https://softech.kg/smartfon-apple-iphone-14-pro-max-512gb
Смартфон Apple iPhone 12 128GB,57777сом,"Во-первых, это быстро.A14 Bionic, самый быстрый процессор iPhone......",https://softech.kg/smartfon-apple-iphone-12-128gb
Смартфон Apple iPhone 12 128GB (2 SIM),77700сом,"Во-первых, это быстро.A14 Bionic, самый быстрый процессор iPhone......",https://softech.kg/smartfon-apple-iphone-12-128gb-2sim
Смартфон Apple iPhone 12 256GB,85000сом,"Во-первых, это быстро.A14 Bionic, самый быстрый процессор iPhone......",https://softech.kg/smartfon-apple-iphone-12-256gb
Смартфон Apple iPhone 12 64GB,70950сом,"Во-первых, это быстро.A14 Bionic, самый быстрый процессор iPhone......",https://softech.kg/smartfon-apple-iphone-12-64gb
Смартфон Apple iPhone 12 mini 128GB,68200сом,"Во-первых, это быстро.A14 Bionic, самый быстрый процессор iPhone......",https://softech.kg/smartfon-apple-iphone-12-mini-128gb
Смартфон Apple iPhone 12 mini 256GB,76900сом,"Во-первых, это быстро.A14 Bionic, самый быстрый процессор iPhone......",https://softech.kg/smartfon-apple-iphone-12-mini-256gb
Смартфон Apple iPhone 12 mini 64GB,69500сом,"Во-первых, это быстро.A14 Bionic, самый быстрый процессор iPhone......",https://softech.kg/smartfon-apple-iphone-12-mini-64gb
Смартфон Apple iPhone 13 128GB,63700сом,Сильный мира всего.Новая сверх­широко­угольная камера видит больш.....,https://softech.kg/smartfon-apple-iphone-13-128gb
Смартфон Apple iPhone 13 128GB (2-SIM),75550сом,Сильный мира всего.Новая сверх­широко­угольная камера видит больш.....,https://softech.kg/smartfon-apple-iphone-13-128gb-2sim
Смартфон Apple iPhone 13 256GB,77000сом,Сильный мира всего.Новая сверх­широко­угольная камера видит больш.....,https://softech.kg/smartfon-apple-iphone-13-256gb-
Смартфон Apple iPhone 13 256GB (2-SIM),84950сом,Сильный мира всего.Новая сверх­широко­угольная камера видит больш.....,https://softech.kg/smartfon-apple-iphone-13-256gb-2-sim
Смартфон Apple iPhone 13 512GB,101250сом,Сильный мира всего.Новая сверх­широко­угольная камера видит больш.....,https://softech.kg/smartfon-apple-iphone-13-512gb
Смартфон Apple iPhone 13 mini 128GB,68950сом,Сильный мира всего.Новая сверх­широко­угольная камера видит больш.....,https://softech.kg/smartfon-apple-iphone-13-mini-128gb
Смартфон Apple iPhone 13 mini 256GB,74750сом,Сильный мира всего.Новая сверх­широко­угольная камера видит больш.....,https://softech.kg/smartfon-apple-iphone-13-mini-256gb
Смартфон Apple iPhone 13 Pro 128GB,91450сом,iPhone 13 ProПросто. Нереально.Дисплей Super Retina XDR с техноло.....,https://softech.kg/smartfon-apple-iphone-13-pro-128gb
Смартфон Apple iPhone 13 Pro 256GB,98700сом,iPhone 13 ProПросто. Нереально.Дисплей Super Retina XDR с техноло.....,https://softech.kg/smartfon-apple-iphone-13-pro-256gb-
Смартфон Apple iPhone 13 Pro 256GB (2-SIM),103650сом,iPhone 13 ProПросто. Нереально.Дисплей Super Retina XDR с техноло.....,https://softech.kg/smartfon-apple-iphone-13-pro-256gb-2sim
Смартфон Apple iPhone 13 Pro 512GB,118850сом,iPhone 13 ProПросто. Нереально.Дисплей Super Retina XDR с техноло.....,https://softech.kg/smartfon-apple-iphone-13-pro-512gb
Смартфон Apple iPhone 13 Pro Max 128GB,91450сом,iPhone 13 Pro MaxПросто. Нереально.Дисплей Super Retina XDR с тех.....,https://softech.kg/smartfon-apple-iphone-13-pro-max-128gb
Смартфон Apple iPhone 13 Pro Max 1TB,143950сом,iPhone 13 Pro MaxПросто. Нереально.Дисплей Super Retina XDR с тех.....,https://softech.kg/smartfon-apple-iphone-13-pro-max-1024gb
Смартфон Apple iPhone 13 Pro Max 256GB,103950сом,iPhone 13 Pro MaxПросто. Нереально.Дисплей Super Retina XDR с тех.....,https://softech.kg/smartfon-apple-iphone-13-pro-max-256gb-
Смартфон Apple iPhone 13 Pro Max 256GB (2-SIM),124900сом,iPhone 13 Pro MaxПросто. Нереально.Дисплей Super Retina XDR с тех.....,https://softech.kg/smartfon-apple-iphone-13-pro-max-256gb-2sim
Смартфон Apple iPhone 13 Pro Max 512GB,131750сом,iPhone 13 Pro MaxПросто. Нереально.Дисплей Super Retina XDR с тех.....,https://softech.kg/smartfon-apple-iphone-13-pro-max-512gb
Смартфон Apple iPhone 14 128GB,74450сом,iPhone 14iOS 16 позволяет по-новому настроить экран блокировки. Н.....,https://softech.kg/smartfon-apple-iphone-14-128gb
Смартфон Apple iPhone 14 256GB,90000сом,iPhone 14iOS 16 позволяет по-новому настроить экран блокировки. Н.....,https://softech.kg/smartfon-apple-iphone-14-256gb
Смартфон Apple iPhone 14 512GB,102000сом,iPhone 14iOS 16 позволяет по-новому настроить экран блокировки. Н.....,https://softech.kg/smartfon-apple-iphone-14-512gb
Смартфон Apple iPhone 14 Plus 128GB,86000сом,iPhone 14iOS 16 позволяет по-новому настроить экран блокировки. Н.....,https://softech.kg/smartfon-apple-iphone-14-plus-128gb
Смартфон Apple iPhone 14 Plus 256GB,95250сом,iPhone 14iOS 16 позволяет по-новому настроить экран блокировки. Н.....,https://softech.kg/smartfon-apple-iphone-14-plus-256gb
Смартфон Apple iPhone 14 Plus 512GB,105750сом,iPhone 14iOS 16 позволяет по-новому настроить экран блокировки. Н.....,https://softech.kg/smartfon-apple-iphone-14-plus-512gb
Смартфон Apple iPhone 14 Pro 128GB Hong Kong 2-SIM,102800сом,iPhone 14 ProВолшебный новый способ взаимодействия с iPhone. Рево.....,https://softech.kg/smartfon-apple-iphone-14-pro-128gb
Смартфон Apple iPhone 14 Pro 128GB USA eSIM,100650сом,iPhone 14 ProВолшебный новый способ взаимодействия с iPhone. Рево.....,https://softech.kg/smartfon-apple-iphone-14-pro-128gb-usa-2-sim
Смартфон Apple iPhone 14 Pro 1TB,142050сом,iPhone 14 ProВолшебный новый способ взаимодействия с iPhone. Рево.....,https://softech.kg/smartfon-apple-iphone-14-pro-1024gb
Смартфон Apple iPhone 14 Pro Max 256GB Hong Kong 2-SIM,122600сом,iPhone 14 Pro MaxВолшебный новый способ взаимодействия с iPhone. .....,https://softech.kg/smartfon-apple-iphone-14-pro-max-256gb-hong-kong-2sim
Смартфон Apple iPhone 14 Pro Max 512GB Hong Kong 2-SIM,137900сом,iPhone 14 Pro MaxВолшебный новый способ взаимодействия с iPhone. .....,https://softech.kg/smartfon-apple-iphone-14-pro-max-512gb-usa-esim
Смартфон Apple iPhone SE 128GB (2022),42000сом,Скоро будет описание.....,https://softech.kg/smartfon-apple-iphone-se-128gb-2022
